{
  "camera": {
    "position": [0.70692, 1074.2545, 13125.282],
    "yaw": -90.412476,
    "pitch": 27.038439
  },
  "instance_mul": {
    "x": 9.0,
    "y": 950.0,
    "z": 1.0,
    "life": 2.0,
    "size": 245.0,
    "length": 1.0
  }
}

